{"cameraMode":{"drawMode":0,"name":"Shaded","section":"Shading Mode"},"sceneLighting":false,"audioPlay":false,"sceneViewState":{"m_AlwaysRefresh":false,"showFog":true,"showSkybox":false,"showFlares":true,"showImageEffects":true,"showParticleSystems":true,"showVisualEffectGraphs":true,"m_FxEnabled":true},"in2DMode":false,"pivot":{"x":0.008227899670600891,"y":0.20772095024585725,"z":0.027676522731781007},"rotation":{"x":-0.303562194108963,"y":0.14684998989105225,"z":-0.047514840960502627,"w":-0.9402384757995606},"size":0.7620915174484253,"orthographic":false}