{"cameraMode":{"drawMode":0,"name":"Shaded","section":"Shading Mode"},"sceneLighting":false,"audioPlay":false,"sceneViewState":{"m_AlwaysRefresh":false,"showFog":true,"showSkybox":false,"showFlares":true,"showImageEffects":true,"showParticleSystems":true,"showVisualEffectGraphs":true,"m_FxEnabled":true},"in2DMode":false,"pivot":{"x":-28.338850021362306,"y":3.4984521865844728,"z":-14.807880401611329},"rotation":{"x":0.10129809379577637,"y":-0.8986750245094299,"z":0.30813515186309817,"w":0.29549866914749148},"size":3.3488662242889406,"orthographic":false}