{"cameraMode":{"drawMode":0,"name":"Shaded","section":"Shading Mode"},"sceneLighting":false,"audioPlay":false,"sceneViewState":{"m_AlwaysRefresh":false,"showFog":true,"showSkybox":false,"showFlares":true,"showImageEffects":true,"showParticleSystems":true,"showVisualEffectGraphs":true,"m_FxEnabled":true},"in2DMode":false,"pivot":{"x":0.07508546113967896,"y":1.069663405418396,"z":-0.23803746700286866},"rotation":{"x":-0.012287107296288014,"y":-0.07639311254024506,"z":0.0007822484476491809,"w":-0.9970915913581848},"size":0.8660253882408142,"orthographic":false}