{"cameraMode":{"drawMode":0,"name":"Shaded","section":"Shading Mode"},"sceneLighting":false,"audioPlay":false,"sceneViewState":{"m_AlwaysRefresh":false,"showFog":true,"showSkybox":false,"showFlares":true,"showImageEffects":true,"showParticleSystems":true,"showVisualEffectGraphs":true,"m_FxEnabled":true},"in2DMode":false,"pivot":{"x":0.21734604239463807,"y":0.7914662957191467,"z":0.0007467977702617645},"rotation":{"x":-0.2644425630569458,"y":0.6569414138793945,"z":-0.2658195495605469,"w":-0.654231071472168},"size":0.8341918587684631,"orthographic":false}