{"cameraMode":{"drawMode":0,"name":"Shaded","section":"Shading Mode"},"sceneLighting":false,"audioPlay":false,"sceneViewState":{"m_AlwaysRefresh":false,"showFog":true,"showSkybox":false,"showFlares":true,"showImageEffects":true,"showParticleSystems":true,"showVisualEffectGraphs":true,"m_FxEnabled":true},"in2DMode":false,"pivot":{"x":-24.639326095581056,"y":-1.5406970977783204,"z":3.0164191722869875},"rotation":{"x":-0.05413632467389107,"y":0.9298206567764282,"z":-0.15226413309574128,"w":-0.33069127798080447},"size":0.40278661251068118,"orthographic":false}