{"cameraMode":{"drawMode":0,"name":"Shaded","section":"Shading Mode"},"sceneLighting":false,"audioPlay":false,"sceneViewState":{"m_AlwaysRefresh":false,"showFog":true,"showSkybox":false,"showFlares":true,"showImageEffects":true,"showParticleSystems":true,"showVisualEffectGraphs":true,"m_FxEnabled":true},"in2DMode":false,"pivot":{"x":0.27103978395462038,"y":0.08615097403526306,"z":-0.600592851638794},"rotation":{"x":0.0004829134850297123,"y":-0.9983512759208679,"z":0.009297830983996392,"w":0.05813760310411453},"size":0.7027859091758728,"orthographic":false}