{"cameraMode":{"drawMode":0,"name":"Shaded","section":"Shading Mode"},"sceneLighting":true,"audioPlay":false,"sceneViewState":{"m_AlwaysRefresh":false,"showFog":true,"showSkybox":true,"showFlares":true,"showImageEffects":true,"showParticleSystems":true,"showVisualEffectGraphs":true,"m_FxEnabled":true},"in2DMode":false,"pivot":{"x":8.039999961853028,"y":0.0000019073486328125,"z":13.539999961853028},"rotation":{"x":0.3042725622653961,"y":0.6674602627754211,"z":-0.34773677587509158,"w":0.5839828848838806},"size":12.346898078918457,"orthographic":false}