{"cameraMode":{"drawMode":0,"name":"Shaded","section":"Shading Mode"},"sceneLighting":true,"audioPlay":false,"sceneViewState":{"m_AlwaysRefresh":false,"showFog":true,"showSkybox":true,"showFlares":true,"showImageEffects":true,"showParticleSystems":true,"showVisualEffectGraphs":true,"m_FxEnabled":true},"in2DMode":false,"pivot":{"x":13.71022891998291,"y":12.49258804321289,"z":14.477031707763672},"rotation":{"x":-0.11609650403261185,"y":0.8835148215293884,"z":-0.33290496468544009,"w":-0.30843424797058108},"size":10.662881851196289,"orthographic":false}