{"cameraMode":{"drawMode":0,"name":"Shaded","section":"Shading Mode"},"sceneLighting":false,"audioPlay":false,"sceneViewState":{"m_AlwaysRefresh":false,"showFog":true,"showSkybox":false,"showFlares":true,"showImageEffects":true,"showParticleSystems":true,"showVisualEffectGraphs":true,"m_FxEnabled":true},"in2DMode":false,"pivot":{"x":0.09039035439491272,"y":0.048295170068740848,"z":0.012948393821716309},"rotation":{"x":-0.24647113680839539,"y":0.7462841868400574,"z":-0.3733881115913391,"w":-0.4930292069911957},"size":0.9071012139320374,"orthographic":false}