{"cameraMode":{"drawMode":0,"name":"Shaded","section":"Shading Mode"},"sceneLighting":false,"audioPlay":false,"sceneViewState":{"m_AlwaysRefresh":false,"showFog":true,"showSkybox":false,"showFlares":true,"showImageEffects":true,"showParticleSystems":true,"showVisualEffectGraphs":true,"m_FxEnabled":true},"in2DMode":false,"pivot":{"x":35.40903854370117,"y":0.23254919052124024,"z":28.288846969604493},"rotation":{"x":-0.23756100237369538,"y":-0.12345950305461884,"z":0.03027327172458172,"w":-0.9631150364875794},"size":4.132012844085693,"orthographic":false}