{"cameraMode":{"drawMode":0,"name":"Shaded","section":"Shading Mode"},"sceneLighting":false,"audioPlay":false,"sceneViewState":{"m_AlwaysRefresh":false,"showFog":true,"showSkybox":false,"showFlares":true,"showImageEffects":true,"showParticleSystems":true,"showVisualEffectGraphs":true,"m_FxEnabled":true},"in2DMode":false,"pivot":{"x":0.05952918529510498,"y":0.18074345588684083,"z":0.27521979808807375},"rotation":{"x":-0.2644425630569458,"y":0.6569414138793945,"z":-0.2658195495605469,"w":-0.654231071472168},"size":1.1247053146362305,"orthographic":false}