{"cameraMode":{"drawMode":0,"name":"Shaded","section":"Shading Mode"},"sceneLighting":false,"audioPlay":false,"sceneViewState":{"m_AlwaysRefresh":false,"showFog":true,"showSkybox":false,"showFlares":true,"showImageEffects":true,"showParticleSystems":true,"showVisualEffectGraphs":true,"m_FxEnabled":true},"in2DMode":false,"pivot":{"x":-30.045698165893556,"y":0.8297765254974365,"z":-20.146717071533204},"rotation":{"x":-0.30075931549072268,"y":-0.5700187683105469,"z":0.23534730076789857,"w":-0.7276089191436768},"size":0.9537293314933777,"orthographic":false}